,subject,title,sentiment
0,apple,apple iphone se 2022 review a modern phone with yesterdays design  the verge,0
1,apple,apple supplier foxconn forced to suspend operations in shenzhen due to lockdown  macrumors,-1
2,apple,apples new products raise as many questions as answers  macworld,-1
3,apple,app tracking transparency aimed to solve a problem of apples creation  appleinsider,-1
4,apple,buy jamf stock apple is at the core of the software companys appeal  barrons,1
5,apple,covid19 shuts down plants in china hitting apple supplier foxconn auto makers  the wall street journal,-1
6,apple,amazons 200 price cut on apples 14inch and 16inch macbook pro is back  appleinsider,0
7,apple,mac studio  apple,0
8,apple,norways central bank sells apple stock it bought nvidia plug power and nio  barrons,-1
9,apple,apple stock dump at 155 before it gets ugly  thestreet,-1
10,apple,apple aapl m2 pro max ultra chip plans imac mac pro macbook air details  bloomberg,0
11,apple,daily deals march 14 70 off apple smart keyboard for ipad 929 m1 macbook air 50 off samsung galaxy buds pro  more  appleinsider,0
12,apple,apple watch remained king of the smartwatch market in 2021  appleinsider,1
13,apple,apple introduces gorgeous new green finishes for the iphone 13 lineup  apple,1
14,apple,save 45 on this 2in1 portable apple watch charger a great onthego accessory  macworld,0
15,apple,kuo apples iphone 14 wont get a new chip but the pro models will use a16  imore,0
16,apple,apple and major league baseball to offer friday night baseball  apple,0
17,apple,apples chips are on the table  the verge,0
18,apple,apple announces a new cheaper iphone and baseball is coming to apple tv  barrons,1
19,apple,save up to 100 on apples recently discontinued ipad air 4 at amazon now  cnet,0
20,apple,apples airpods max are back on sale for 449  engadget,0
21,apple,meta finds a fitness pipeline in the apple ecosystem  emarketer,0
22,apple,apples next move far from certain  sports business journal,0
23,apple,i just bought my first apple watch  heres what i think so far  toms guide,0
24,apple,apples underdogs return to show how apple products power small businesses  appleinsider,1
25,apple,apple mac pro 2022 processor and release details exposed as extreme name expected by apple analyst  notebookchecknet,0
26,apple,exclusive apple currently has no plans to release a new largerscreen imac  9to5mac,0
27,apple,apple stops selling 27inch lg ultrafine 5k display  macrumors,0
28,apple,if your hospital suddenly feels more like an apple store or greenhouse biophilic design is why  fast company,0
29,apple,strava abruptly ends 3rd party data sync to apple health  dc rainmaker,-1
30,apple,tesla apple exxonmobil  reuterscom,0
31,apple,why apples logo has a bite taken out of it  howto geek,0
32,apple,evidence of m2 apple silicon chip spotted ahead of apple event on tuesday  macrumors,0
33,apple,apple the worlds leading company  the algorithm is short the stock  seeking alpha,-1
34,apple,apple halts all sales from online store in russia updated  macrumors,-1
35,apple,apples 3m thunderbolt cable is a good deal at 159 yes really  extremetech,0
36,apple,apple has to try hard now  the new york times,-1
37,apple,ukrainian minister has turned digital tools into modern weapons of war  the new york times,-1
38,apple,what is apple one a breakdown of plans pricing and included services  wired,0
39,apple,heres how you can get apples 5g iphone se for free with no tradein  phonearena,0
40,apple,four apple devices you shouldnt buy right now  new models are imminent  macrumors,0
41,apple,putins prewar moves against us tech giants laid groundwork for crackdown on free expression  the washington post,-1
42,apple,will apple or google slow sports betting on your phone  voxcom,0
43,apple,russia threatens to nationalize apple seize assets  imore,-1
44,apple,bumpy road ukraine war china week in review sp 500 apple on thin ice  realmoney,-1
45,apple,which new mac will apple release at its march event  macrumors,0
46,apple,this android app is better at finding unknown airtags than apples  screen rant,-1
47,apple,report apple exploring 20inch allscreen foldable macbook but foldable iphone delayed until 2025  macrumors,0
48,apple,i tried apples universal control feature for mac and ipad and its magical  the indian express,1
49,apple,apple is ungodly wellmanaged billionaire investor says  macrumors,1
50,apple,apple ceo tim cook tells employees the return to offices will begin on april 11th  the verge,0
51,apple,apples new iphone focus tool is causing missed notifications  voxcom,-1
52,apple,apple will soon offer face id repairs without replacing the entire iphone  macrumors,1
53,apple,apple imagines macinsideakeyboard device evocative of 80s home computers  macrumors,0
54,apple,why apples fight in the netherlands matters  the new york times,0
55,apple,apple stores employees make effort to unionize  the washington post,-1
56,apple,apple officially obsoletes first ipad with lightning connector  macrumors,0
57,apple,apple stores drop mask mandates plan return of instore classes  bloomberg,1
58,apple,apples 2022 ipad pro what to expect  macrumors,0
59,apple,trumps truth social tops downloads on apple app store many waitlisted  reuters,0
60,apple,apples worstcase scenario might be the best thing for the iphone  macworld,0
61,apple,hostage taker in amsterdam apple store dies of his injuries  reuters,-1
62,apple,report apple watch series 8 to include major updates to activity tracking and faster chips series 3 may finally be discontinued  9to5mac,0
63,apple,apple registers three new macs in eurasian database ahead of rumored march event  9to5mac,0
64,apple,apple stops product sales in russia adding to pressure from shippers car makers  reuters uk,-1
65,apple,apple reportedly completes production tests for arvr headset  macrumors,1
66,apple,apple finds itself under scrutiny in washingtons big tech clampdown  the wall street journal,-1
67,apple,apple files new macs in regulatory database ahead of rumored spring event  macrumors,0
68,apple,facebooks ad business struggles after apples ios changes  voxcom,-1
69,apple,i used apple airtags tiles and a gps tracker to watch my husbands every move  the new york times,0
70,apple,iphone 14 pro design reportedly finalized as suppliers begin trial production  macrumors,0
71,apple,could apples fintech move hurt block and paypal  the motley fool,0
72,apple,apple shareholders urged to vote against tim cooks 99mn pay package  financial times,0
73,apple,some russian bank customers have been cut off from apple pay and google pay  the verge,-1
74,apple,apple cofounder steve wozniaks investing process thoughts on crypto  business insider,0
75,apple,apple services enrich peoples lives throughout the year  apple,1
76,apple,apple announces self service repair  apple,1
77,apple,apple in 2021 the six colors report card  six colors  six colors,0
78,apple,apple events  october 2021  apple,0
79,apple,apple watch series 7  apple,0
80,apple,apple events  september 2021  apple,0
81,apple,apple sues nso group to curb the abuse of statesponsored spyware  apple,0
82,apple,apple announces first states to adopt drivers licenses and state ids in wallet  apple,0
83,apple,the reimagined apple the grove now open in los angeles  apple,0
84,apple,apple unveils gamechanging macbook pro  apple,1
85,apple,iphone 13 and iphone 13 mini  apple,0
86,apple,iphone 13 pro and iphone 13 pro max  apple,0
87,apple,apple announces third annual apple music award winners  apple,0
88,apple,macos monterey is now available  apple,0
89,apple,app store awards honor the best apps and games of 2021  apple,0
90,apple,ios 15 is available today  apple,0
92,apple,apple launches today at apple creative studios  apple,0
93,apple,apple fitness introduces collections and time to run starting january 10  apple,0
94,apple,apple marks a year of giving in the communities it calls home  apple,1
96,apple,apple unveils new resources for elementary school coding and inclusive app design  apple,1
97,apple,apple fitness will feature prince william on time to walk starting december 6  apple,0
98,apple,shareplay powers new ways to stay connected and share experiences in facetime  apple,0
0,amazon,the openear shokz openrun are 20 off at amazon  the verge,0
1,amazon,amazons charm offensive needs to expand  the wall street journal,0
2,amazon,the inse cordless vacuum cleaner is on sale at amazon  peoplecom  people,0
3,amazon,amazon deal of the day 700 off sony 4k televisions  wdsu new orleans,0
4,amazon,this vaccine card and passport holder is under 10 at amazon  peoplecom  people,0
5,amazon,the amazon rainforest may be reaching a point of no return  mother jones  mother jones,-1
6,amazon,amazon misses trump badly  the new republic,0
7,amazon,suspicious calls from amazon what should you do  whnt news 19,0
8,amazon,intel evo week on amazon  mashable,0
9,amazon,apples 16inch macbook pro is 200 less than usual on amazon  engadget,0
10,amazon,the 8 best dslr cameras for beginners and pros to buy on amazon  new york post,0
11,amazon,saturday night live takes a jab at amazon go stores in what may be its best commercial parody yet  sf gate,0
12,amazon,tile bluetooth trackers are up to 20 percent off on amazon right now  engadget,0
13,amazon,save on some of the latest ea titles on pc at amazon today  vg247,0
14,amazon,costco quietly catches up to amazon walmart in one key area  thestreet,-1
15,amazon,amazon fashion lets you shop your influencers favorite items  huffpost,0
16,amazon,steinberger leaves comixology to head new amazon initiative  publishers weekly,0
17,amazon,transform your bathroom into a spa with these under50 accessories from amazon  huffpost,0
18,amazon,10 trending amazon march 2022 products and deals  people,0
19,amazon,fleabag exec lydia hampson joins sister  signs firstlook amazon deal  deadline,0
20,amazon,amazon fulfillment center in delta twp wont open this fall  lansing state journal,-1
21,amazon,beckham hotel collection bed pillows are on sale at amazon  peoplecom  people,0
22,amazon,amazon selects wilmington univ for employee education effort  delaware first media,0
23,amazon,take alexa onthego with amazon echo buds 2 at 85 frames at 160 and more from 20  9to5toys,0
24,amazon,maersk among amazon climate pledges 100 new signatories  sourcing journal  sourcing journal,0
25,amazon,amazons share of us ecommerce sales hits alltime high of 567 in 2021  pymntscom,1
26,amazon,shoppers say these stylish rain boots last for years and theyre just 30 on amazon  people,0
27,amazon,15 bestselling products on amazon that will help you adjust to daylight savings  e news,0
28,amazon,amazon nashville hosts first hack tennessee event  wsmv 4,0
29,amazon,amazons block on russia suspends shipments prime video streaming and new world mmo purchases  the verge,-1
30,amazon,amazon relocates staff from seattle office amid rise in violent crime  business insider,-1
31,amazon,of the home items most added to amazon wish lists these 45 are the most clever  mic,0
32,amazon,house panel calls for criminal investigation into amazon  the new york times,-1
33,amazon,amazons secret overstock outlet is packed with massive furniture discounts  up to 62 off  people,0
34,amazon,the 10 best books to read in march according to amazon book editors  business insider,0
35,amazon,amazon luna retro channel what games does it have  dot esports,0
36,amazon,kirk herbstreit joining amazon as thursday night football analyst  new york post,0
37,amazon,amazon to shut its bookstores and other shops as its grocery chain expands  reuterscom,0
38,amazon,aws backup for amazon s3 generally available  infoqcom,0
39,amazon,blinks latest outdoor floodlight cam and solar kits return to amazon lows at 90 save 36  9to5toys,0
40,amazon,lizzo talks twerking selflove and her new amazon show at sxsw  wwd,0
41,amazon,amazon driver shot middelivery speaks out against company policy  bloomberg,-1
42,amazon,ninjas cold press pro juicer falls back down to amazon alltime low at 100  more from 64  9to5toys,0
43,amazon,unofficial lineageos 181 brings android tv 11 to the thirdgen amazon fire tv stick lineup  xda developers,0
44,amazon,you can now use amazon alexa on the latest fossil and skagen smartwatches  phonearena,0
45,amazon,general electric amazon and the new wave of stock buybacks  barrons,0
46,amazon,meet jamaican ceo cori gordon one of amazons youngest delivery service partners  black enterprise,0
47,amazon,amazon launches a clubhouse competitor that turns everyone into a dj  the verge,0
48,amazon,tuft  needle mattress deals  amazon deal of the day march 14 2022  wmur manchester,0
49,amazon,amazon and tesla are likely to reverse a decades worth of xlys gains  seeking alpha,-1
50,amazon,radio drama for a podcast age how amazons audible moved into theater  the new york times,0
51,amazon,amazon amzn faces new problems while jeff bezos flies to space  bloomberg,-1
52,amazon,amazon is reportedly using chinese suppliers with ties to forced labor  the verge,-1
53,amazon,worry of amazon exit fees makes delivery contractor feel trapped report  business insider,-1
54,amazon,what time is master coming to prime video  amazon adviser,0
55,amazon,this is the apple airpods pro deal youve been waiting for  theyre 59 off at amazon  yahoo life,0
56,amazon,amazon is turning grocerypicking gig workers into whole foods employees as delivery demand booms  cnbc,1
57,amazon,lessons in success at amazon games  techradar,1
58,amazon,how much is starz cost per month sales deals with hulu amazon prime  stylecaster,0
59,amazon,the boys star karl urban confirms season 4 filming before amazons official reveal  comicbookcom,0
60,amazon,amazon opens a whole foods with the next step in automation  the new york times,1
61,amazon,the toppin hepa air purifier is 38 off at amazon  peoplecom  people,0
62,amazon,best alternatives to amazon prime perks 2022 twoday shipping grocery deliveries  wired,0
63,amazon,seller caught in the middle between amazon and ups  ecommercebytes,0
64,amazon,we get ready for camping season with the amazon japans lowestrated wooden mug  soranews24,0
65,amazon,all teams qualified for amazon european masters 2022 spring  dot esports,0
66,amazon,shopify makes a key move to compete with amazon walmart  thestreet,0
67,amazon,amazons going to nollywood  and its deals with studios could shake up one of the worlds most prolific filmmaking hubs  cnn,1
68,amazon,does this amazon rock art depict extinct ice age mammals  the new york times,0
69,amazon,the data game what amazon knows about you and how to stop it  the guardian,-1
70,amazon,amazon moves to force ftc antitrust decision on mgm deal  the wall street journal,-1
71,amazon,is amazon prime worth it  clarkcom  clark howard,0
72,amazon,amazon accused of violating us labor law after union supporters arrests  reuters,-1
73,amazon,amazon is planning to open its first fashion storefront  heres what itll look like  cnbc,0
74,amazon,amazon labor push escalates as workers at new york warehouse win a union vote  npr,-1
75,amazon,amazon sues two companies that allegedly help fill the site with fake reviews  cnbc,-1
76,amazon,amazon accepts visa credit cards in global truce over fees  reuterscom,0
77,amazon,amazon suspends black lives matter from its charity platform  new york post,-1
78,amazon,amazons sprawling grocery business has become an expensive hobby with a cloudy future  cnbc,-1
79,amazon,amazon astro the home robot with wheels is now in homes  and people are showing off what it can do  the verge,0
80,amazon,nasdaq halts trading in russian amazon as ozon stock crashes  forbes,-1
81,amazon,will amazon stock climb 52  thestreet,0
82,amazon,amazons the rings of power 10 burning questions  vanity fair,0
83,amazon,dmitri m johnsons dj2 entertainment to adapt video games for tv under firstlook deal with amazon studios  deadline,0
84,amazon,fallout tv series at amazon casts walton goggins  variety,0
85,amazon,amazoncom announces fourth quarter results  amazoncom inc  press room  amazon press release,0
86,amazon,deadly collapse at amazon warehouse puts spotlight on phone ban  bloomberg,-1
87,amazon,amazon hikes average us starting pay to 18 hires for 125000 jobs  reuters,1
88,amazon,amazon settles with nlrb to give workers the power to organize  npr,0
89,amazon,amazon plans to open large retail locations akin to department stores  the wall street journal,0
90,amazon,the best amazon cyber monday 2021 deals you can still shop on apple irobot and more  usa today,0
91,amazon,amazon cloud outage hits major websites streaming apps  reuters,-1
92,amazon,amazon is opening a clothing store next to nordstrom and jc penney  cnn,0
93,amazon,what happened to amazons bookstore  the new york times,0
94,amazon,amazon takes lead in talks for nfl media stake  front office sports,1
95,amazon,amazon copied products and rigged search results documents show  reuterscom,-1
96,amazon,italy fines amazon record 13 bln for abuse of market dominance  reuters,-1
97,amazon,amazon rolls out its telehealth service nationwide  cnbc,1
98,amazon,amazon warehouse workers get to redo their union vote in alabama  npr,0
0,microsoft,microsoft teams turns five whats next  zdnet,0
1,microsoft,altigen acquires microsoft software partner zaact consulting  channele2e,0
2,microsoft,microsoft pi day 2022 sale  deals on laptops tablets gaming and more  laptop mag,0
3,microsoft,a microsoft employee quit then the company completely broke the rules  zdnet,-1
4,microsoft,microsoft discourages corporate travel by raising own carbon fee 600 percent  skift,0
5,microsoft,microsoft weve given officecom this big update  zdnet,0
6,microsoft,microsoft azure takes major step toward scalable quantum computing  windows central,1
7,microsoft,zelensky presses companiesmicrosoft sap and oracleto punish russia more  forbes,-1
8,microsoft,microsoft suspends new sales in russia  microsoft on the issues  microsoft,-1
9,microsoft,colt and audiocodes partner to deliver microsoft operator connect  yahoo finance,0
10,microsoft,how to build a table of contents in microsoft word  digital trends,0
11,microsoft,microsoft delivers a solid lowimpact patch tuesday  computerworld,1
12,microsoft,microsoft completes acquisition of nuance ushering in new era of outcomesbased ai  stories  microsoft,1
13,microsoft,how to fix microsoft edge critical error  thewindowsclub,0
14,microsoft,microsoft is experimenting with ads in the windows 11 file explorer  thurrottcom  thurrottcom,0
15,microsoft,flsmidth signs digital acceleration agreement with microsoft  international mining,0
16,microsoft,how to use collections on microsoft edge  muo  makeuseof,0
17,microsoft,how to stop microsoft word opening files in readonly mode in windows  muo  makeuseof,0
18,microsoft,microsoft how do they keep expanding margins  seeking alpha,0
19,microsoft,how to add page numbers in microsoft word  digital trends,0
20,microsoft,where to download microsoft word excel powerpoint for windows  thewindowsclub,0
21,microsoft,microsoft recommends xbox series xs players use its updated energy saver mode  news9 live,0
22,microsoft,how to insert a signature into microsoft word  digital trends,0
23,microsoft,microsoft removes windows 11 update block for virtualbox users  bleepingcomputer,0
24,microsoft,digital technology and the war in ukraine  microsoft on the issues  microsoft,0
25,microsoft,microsofts wenatchee valley data center begins to take shape  the seattle times,1
26,microsoft,considering microsoft 365 what you need to know  techrepublic,0
27,microsoft,microsoft ea and gearbox sign open letter opposing antitrans texas bill  nme,0
28,microsoft,the 8 best vpn addons for microsoft edge  muo  makeuseof,0
29,microsoft,microsoft for startups founders hub now open to all  no funding needed  the official microsoft blog  microsoft,0
30,microsoft,amazon microsoft and google have suspended cloud sales in russia  techcrunch,-1
31,microsoft,microsoft details its steam deck support for xbox game studios titles  the verge,0
32,microsoft,microsoft and openai method could make training large neural networks cheaper  the register,1
33,microsoft,microsoft security delivers new multicloud capabilities  microsoft,1
34,microsoft,microsoft cfo amy hood says pandemic showed the importance of windows  cnbc,1
35,microsoft,new microsoft teams apps eliminate an obvious advantage for zoom  techradar,0
36,microsoft,microsoft testing support for free calls to ukraine through skype  windows central,0
37,microsoft,the anatomy of a datacenterhow microsofts datacenter hardware powers the microsoft cloud  microsoft,0
38,microsoft,microsoft idxbox showcase set for march 16  thegamer,0
39,microsoft,datto  defend and protect your microsoft teams data with datto  marketscreenercom,0
40,microsoft,why decentralization is the future of digital identities  microsoft,0
41,microsoft,microsoft bought this mans startup for over 100 million then he got really unhappy  cnbc,0
42,microsoft,cirque du soleil brings insects to microsoft theater  la downtown news online,0
43,microsoft,windows 12 is everything windows 11 should be  and the microsoft operating system we need  betanews,0
44,microsoft,heres how you can dualboot windows 11 on the microsoft surface duo  xda developers,0
45,microsoft,how to download microsoft family for windows 11  windowsreportcom,0
46,microsoft,microsoft pushes optional type annotations for javascript  reseller news,0
47,microsoft,why the biggest laptop vendors are ignoring microsofts pluton security tech  pcworld,0
48,microsoft,microsoft among best firms to work for despite ceo making 410 times average salary  city am,1
49,microsoft,clipchamp is microsofts new video editing app for windows 11  the verge,0
50,microsoft,in twenty years microsoft has only sold 23 million xboxes in japan  kotaku,-1
51,microsoft,microsoft apple among top tech stocks to buy amid selloff wedbush  seeking alpha,1
52,microsoft,the next chapter of our hybrid workplace update on our washington state work sites  the official microsoft blog  microsoft,0
53,microsoft,the two studios apple mac studio vs microsoft surface studio  screen rant,0
54,microsoft,microsoft and partners join forces to boost rural broadband in malaysia  channel asia singapore,1
55,microsoft,microsofts latest windows patches fix the bug causing user data not to be erased  zdnet,0
56,microsoft,microsoft to remove rt apps ban russian stateowned media ads  reuters,0
57,microsoft,microsofts return puts focus on workers who are skipping the office  yahoo finance,0
58,microsoft,12 african startups chosen for microsoftbacked fast accelerator  disrupt africa,0
59,microsoft,how to copy conditional formatting in microsoft excel  howto geek,0
60,microsoft,microsoft is on a buying binge heres what it could buy next  cnn,0
61,microsoft,review microsofts surface laptop studio is unique fun and sometimes brilliant  newshub,1
62,microsoft,explainer will big tech cloud companies cut off russia  reuters,0
63,microsoft,is microsoft to blame for duckduckgo censoring russian search results  betanews,0
64,microsoft,great deals on microsoft office windows 11 during keysfan special deal sale  dot esports,0
65,microsoft,us stocks amazon alphabet apple tesla meta square microsoft jpm bac elliott wave video  fxstreet,0
66,microsoft,microsoft supports african startups with 500m funding  graphic online,1
67,microsoft,microsoft gaming ceo phil spencer is aiming for a steady flow of great games  kotaku australia,1
68,microsoft,microsoft quietly released a little feature and suddenly it caused outrage  zdnet,-1
69,microsoft,microsoft announces intent to establish india datacenter region in hyderabad  microsoft stories india  microsoft,0
70,microsoft,the zacks analyst blog highlights microsoft amazoncom nvidia abbvie and hsbc holdings  yahoo finance,0
71,microsoft,windows 11 pro will soon require a microsoft account  the verge,0
72,microsoft,report microsofts activision blizzard deal being investigated for insider trading  ign  ign,-1
73,microsoft,microsofts chilling new update may frighten everyone who thinks theyre funny  zdnet,-1
74,microsoft,microsoft teams now has new 3d emoji  the verge,0
75,microsoft,microsofts xbox app now lets you install pc games to any folder  the verge,0
76,microsoft,microsoft to remove altspacevr social hubs and tighten up safety and moderation  the verge,0
77,microsoft,keyboard and mouse support is coming to microsofts xbox cloud gaming service  engadget,0
78,microsoft,forza horizon 5 introduces sign language support throughout ingame scenes  stories  microsoft,0
79,microsoft,microsoft corp stock rises wednesday outperforms market  marketwatch,1
80,microsoft,former xamarin cofounder miguel de icaza is leaving microsoft  zdnet,0
81,microsoft,save 240 on microsofts surface pro 8 the best windows tablet  pcworld,0
82,microsoft,why apple amd microsoft and nvidia shares are falling today  benzinga  benzinga,-1
83,microsoft,will activision blizzard workers unionize microsofts deal complicates things  npr,-1
84,microsoft,apple vs microsoft stock which is the better buy  seeking alpha,0
85,microsoft,microsoft rolls out access to the amazon appstore preview in windows 11  techcrunch,0
86,microsoft,where apple amazon alphabet meta and microsoft shares now stand  realmoney,0
87,microsoft,valve has no plans for a steam pass but would help microsoft put game pass on steam  pc gamer,0
88,microsoft,new malware capable of controlling social media accounts infects 5000 machines and is actively being distributed via gaming applications on microsofts official store  check point research,-1
89,microsoft,happy 20th anniversary net  net blog  microsoft,0
90,microsoft,how microsoft us president deb cupp levels the playing field for women in the workplace  nasdaq,1
91,microsoft,amd intel microsoft nvidia halt sales to russia  pcworld,0
92,microsoft,buffetts berkshire bought about 1 billion worth of activision shares before microsoft deal  cnbc,0
93,microsoft,why amazon meta platforms and microsoft shares are falling today  benzinga  benzinga,-1
94,microsoft,hackers slip into microsoft teams chats to distribute malware  bleepingcomputer,-1
95,microsoft,fallout new vegas 2 is reportedly in very early talks at microsoft  video games chronicle,0
96,microsoft,microsoft edge has nearly toppled a major rival in the desktop browser war  techradar,1
97,microsoft,new surface laptop studio  infinitely flexible  microsoft surface  microsoft,0
98,microsoft,microsoft to acquire activision blizzard to bring the joy and community of gaming to everyone across every device  stories  microsoft,1
99,microsoft,microsoft unveils windows 365  ushering in a new category of computing  stories  microsoft,0
0,google,google forces youtube vanced to shut down due to legal reasons  the verge,-1
1,google,eu uk to investigate google and meta for ad tech antitrust violation  emarketer,-1
2,google,review sentiment is it a google ranking factor  search engine journal,0
3,google,best allinone search apps  fast company,0
4,google,google to make changes to apps after tcd study finds privacy issues  the irish times,-1
5,google,google fiber now offering internet for businesses in kansas city  kshb 41 kansas city news,0
6,google,what google search isnt showing you  the new yorker,0
7,google,google contacts adds a bottom bar all while retaining its hamburger menu  android police,0
8,google,why did google acquire mandiant  analytics india magazine,0
9,google,google chief measurement strategist pens converted a howto for adopting lifetime value metrics  adexchanger,0
10,google,google profiting from predatory loan adverts promising instant cash  the guardian,-1
11,google,this week in apps war and the app economy googles messages update telegram tv  techcrunch,0
12,google,hey google pay for my parking feature is live  techcrunch,0
13,google,google details its latest big android feature drop  the verge,0
14,google,google improves android message management  techtarget,1
15,google,google takeout will get more ways to securely transfer files across different services  the verge,1
16,google,google may surface more shortform video in search results  search engine journal,0
17,google,google suspends all ad sales in russia as censorship demands grow  reuters,0
18,google,google wins court battle with genius over song lyrics  the verge,1
19,google,google launches automated vehicle ads  search engine land,0
20,google,schema markup is it a google ranking factor  search engine journal,0
21,google,how to get google to pay for your data analytics training  fortune,0
22,google,googles android 12l officially launches will come to select devices this year  techcrunch,0
23,google,googles cto of android tablets sees tablet sales passing laptops in the not too distant future  the verge,0
24,google,google will send air raid alerts to android phones in ukraine  the verge,0
25,google,google opens beta for future pixel feature drops  the verge,0
26,google,when my heart broke my father used google to save me  the new york times,1
27,google,apple google ikea and others urge texas to drop transgender policy  axios,0
28,google,how google search console tracks people also ask performance data  search engine journal,0
29,google,google plans privacy changes but promises to not be disruptive  the new york times,0
30,google,googles art  culture platform updated with documents artifacts and music from timbuktu  techcrunch,0
31,google,google tells employees in bay area and other us locations to return to offices in april  cnbc,0
32,google,google hints at windows games running on stadia  the verge,0
33,google,googles new manhattan groundscraper bets on the future of the office  the new yorker,0
34,google,google dupes diners sidelines restaurants for delivery profits  lawsuit  reuters,-1
35,google,bill aims to rein in apple google app stores  illinois newsroom,-1
36,google,www vs nonwww is it a google ranking factor  search engine journal,0
37,google,lee anderson mp settles with google over child abuse advert  bbccom,-1
38,google,how google search personalization works professors and politicians just dont understand  search engine land,0
39,google,google and twitter try to help women who face online attacks  bloomberg,0
40,google,google says chrome on macos is now faster than safari  techcrunch,0
41,google,googles latest pixel update includes a feature that lets you type responses during calls and more  techcrunch,1
42,google,5 things your google data studio ppc dashboard must have  search engine land,0
43,google,spelling  grammar is it a google ranking factor  search engine journal,0
44,google,how to connect your robot vacuum to google home for google assistant voice control  the verge,0
45,google,here are the most searched jobs in austin according to google  kxancom,0
46,google,googles new soli radar tech can read your body languagewithout cameras  wired,0
47,google,south korea approves rules on app store law targeting apple google  reuters,-1
48,google,bt selects google cloud as strategic partner for groupwide data and ai transformation  google cloud,1
49,google,looks like googles on an audio startup buying spree  the verge,1
50,google,vive 2022 google health expands ai capabilities of care studio to organize patient data  fiercehealthcare,1
51,google,are xml sitemaps a google ranking factor  search engine journal,0
52,google,googles topics api raises more questions than answers  adexchanger,0
53,google,googles first assistant the death of google now  howto geek,-1
54,google,russian belarusian hackers target ukraine in phishing google says  reuters,0
55,google,community newsletter autism training for black parents googles builtin gender bias  spectrum,-1
56,google,what google knows about the future of war  financial times,0
57,google,google tests an even darker dark mode for its android app  the verge,0
58,google,googles dark mode goes darker  the verge,0
59,google,ci gatton alumnus goes to google  uknow  uknow,0
60,google,how to use google chromes enhanced safety mode  wired,0
61,google,googles fast emergency dialer brings local emergency numbers to your pixels lock screen  the verge,0
62,google,will the feds block googles newest buy  politico,0
63,google,googles smart canvas vision for workspace is bringing a pageless interface to docs  the verge,0
64,google,fed up with google conspiracy theorists turn to duckduckgo  the new york times,-1
65,google,google invests in skills training program for lowincome workers  the new york times,1
66,google,google maps blocked edits after people falsely claimed it was used to coordinate russian air strikes  buzzfeed news,-1
67,google,googlecom tests a busier homepage with a row of info cards  ars technica,0
68,google,scoop google analytics founder forms vc firm with exmorgan stanley banker  axios,0
69,google,wtf is googles topics  digiday,0
70,google,australia pressured google and facebook to pay for journalism is america next  columbia journalism review,0
71,google,google drives new filters that make search easier are rolling out to everyone  the verge,1
72,google,shortwave wants to bring back google inbox  techcrunch,0
73,google,is reddit a better search engine than google  fast company,0
74,google,google is bringing chrome os to pcs and macs  the verge,0
75,google,spotify and discord are back online after outages linked to google cloud  the verge,-1
76,google,google should kill stadia  ars technica,-1
77,google,google and mozilla are ready for chrome and firefox version 100 to break some websites  the verge,0
78,google,trade desk to counter googles ad grip with tool for publishers  reuters,-1
79,google,googles new retrostyle font brings back serifs for more comfortable reading  the verge,0
80,google,linux developers patch security holes faster than anyone else says google project zero  zdnet,0
81,google,google using a data advantage to dominate competitors  seeking alpha,1
82,google,google play store now shows new app install progress directly on the homescreen  9to5google,0
83,google,ukraine war tests the power of tech giants  the new york times,0
84,google,google drive flags macos dsstore files for copyright violation  bleepingcomputer,0
85,google,first details of pixel 7 and pixel 7 pro come roaring out 2ndgen tensor new samsung modem  9to5google,0
86,google,steam for chrome os is coming here are which chromebooks will be supported at first  9to5google,0
87,google,exgoogle workers sue company saying it betrayed dont be evil motto  npr,-1
88,google,as google delays returntooffice again experts say omicron may make it impossible to set new dates  cnbc,-1
89,google,google workspace goes all in on shadow it  techcrunch,0
90,google,google introduces a new system for tracking chrome browser users  the new york times,0
91,google,google faces new antitrust law in europe  the new york times,-1
92,google,russian court fines alphabets google and meta platforms  reuters,-1
93,google,google announces grab bag of new android features for the end of 2021  the verge,0
94,google,google privacy settings to change now  the washington post,0
95,google,three us states dc sue google over locationtracking  reuters,-1
0,nvidia,storage specialist excelero joins nvidia  nvidia,0
1,nvidia,nvidia geforce rtx 4090 gpu may demand 600w from your psu  pcgamesn,0
2,nvidia,mysterious nvidia gpu may be coming out  gamerant,0
3,nvidia,nvidias rtx 4000 series graphics cards could bring another huge boost to raytracing  gamerant,1
4,nvidia,geforce now rtx 3080 1month memberships  nvidia,0
5,nvidia,nvidia data leak exposed proprietary information but wasnt a russian ransomware attack company says  cpo magazine,-1
6,nvidia,can nvidia be the biggest chip maker in the datacenter  the next platform,0
7,nvidia,nvidia announces financial results for fourth quarter and fiscal 2022  nvidia blog,0
8,nvidia,nvidia preps mysterious ga102f gpu  toms hardware,0
9,nvidia,india is a strong bet for accelerated computing nvidias vishal dhupar  businessline,0
10,nvidia,nvidia to giveaway a special geforce rtx 3090 graphics card signed by ceo jensen huang at gtc 2022  wccftech,0
11,nvidia,nvidia stops all product sales to russia  pcmag,0
12,nvidia,is nvidia stock a solid long term investment  moneyinc,0
13,nvidia,nvidia and amd gpus less than 50 above msrp as prices continue to drop  gamerant,-1
14,nvidia,why micron technology could be the nvidia of the 2020s  the motley fool,0
15,nvidia,nvidia rtx 40series ada gpus will likely coexist with rtx 30series  toms hardware,0
16,nvidia,apples new m1 ultra aims to beat nvidias rtx 3090  the verge,-1
17,nvidia,nvidia and samsung hackers take credit for ubisoft attack  android police,-1
18,nvidia,fix nvidia geforce experience overlay not working on windows pc  thewindowsclub,-1
19,nvidia,for 14th year running nvidia technologies power all vfx oscar nominees  nvidia,1
20,nvidia,why nvidia micron and amd stocks popped tuesday  the motley fool,1
21,nvidia,nvidia is set to spend at least 10b to secure its share of limited 5nm chip supply  pc gamer,1
22,nvidia,nvidia invests 10m in sidewalk robot delivery company serve robotics  techcrunch,1
23,nvidia,zacks brokerages anticipate nvidia co nasdaqnvda will announce quarterly sales of 811 billion  marketbeat,0
24,nvidia,how to set up a plex server on an nvidia shield tv  android police,0
25,nvidia,nvidia suspends all sales to russia joining amd and intel  datacenterdynamics,0
26,nvidia,nvidia is optimistic about gpu supplies in 2022 but will you be able to buy them  pcmag,0
27,nvidia,reimagining modern luxury nvidia announces partnership with jaguar land rover  nvidia,1
28,nvidia,broadcom earnings are good news for nvidia stock heres why  barrons,1
29,nvidia,gfn thursday 27 games join geforce now in march  nvidia,1
30,nvidia,amdxilinx takes aim at nvidia with improved vck5000 inferencing card  hpcwire,-1
31,nvidia,why nvidia sees a future in software and services recurring revenue  the register,1
32,nvidia,nvidia samsung face huge cyber attack you could be next  thestreet,-1
33,nvidia,nvidia may grow even faster than expected  seeking alpha,1
34,nvidia,rtx 3060 mobile gpus adapted into desktop cards to bypass nvidias antimining limiter  toms hardware,0
35,nvidia,nvidia geforce gtx 1060 remains top dog in steam hardware survey  toms hardware,1
36,nvidia,amd intel and nvidia all to release new desktop graphics cards in the next few months  videocardzcom,0
37,nvidia,nvidia ceo talks omniverse metaverse and autonomous vehicles  pc gamer,0
38,nvidia,sp upgrades nvidia  read why  benzinga  benzinga,1
39,nvidia,the zacks analyst blog highlights nvidia advanced micro devices analog devices qualcomm and micron technology  yahoo finance,0
40,nvidia,heres how to play intel in its race against nvidia and amd  thestreet,0
41,nvidia,two startups plug jetson into smart grid meters  nvidia,0
42,nvidia,graphics card comparison heres how nvidia stacks up to amd in 2022  gamesradar,0
43,nvidia,nvidia stock the backbone of the metaverse  seeking alpha,1
44,nvidia,best buy now requires 200 membership fee for all nvidia gpu purchases  extremetech,0
45,nvidia,this is what whales are betting on nvidia  benzinga  benzinga,1
46,nvidia,nvidias rtx 3090 ti is still missing and the company refuses to say whats going on  the verge,-1
47,nvidia,why are nvidia micron and amd stocks falling  the motley fool,-1
48,nvidia,daily crunch ransomware group threatens to release nvidias most closely guarded secrets  techcrunch,-1
49,nvidia,nvidia geforce mx550 dgpu barely outperforms the amd rdna 2 radeon 680m integrated gpu in gaming  wccftech,-1
50,nvidia,zacks investment ideas feature highlights apple advanced micro devices and nvidia  nasdaq,0
51,nvidia,nvidia could use a more efficient gpu in the rtx 3050 if supply runs dry  pc gamer,0
52,nvidia,nvidia is giving away rtx on keycaps sadly not actual gpus  pc gamer,-1
53,nvidia,nvidia on how the metaverse can overtake the current economy  forbes,1
54,nvidia,semiconductor watchlist nvidia broadcom panasonic  thestreet,0
55,nvidia,nvidia leads the nasdaq higher but this winners more of a surprise  the motley fool,1
56,nvidia,nvidia corp stock falls friday underperforms market  marketwatch,-1
57,nvidia,nvidia ada ad102107 hopper gh100202 blackwell gb100102 gpu confirmed  videocardzcom,0
58,nvidia,investing club cramer calls nvidia ceo the goat says buy shares on a dip  cnbc,1
59,nvidia,roblox nvidia airbnb viacomcbs what to watch in the stock market today  the wall street journal,0
60,nvidia,the nvidiapowered nintendo switch might be getting an unlikely performance boost from amd  pc gamer,0
61,nvidia,intel arc test suggests it may struggle to beat nvidia rtx 3070  gamerant,1
62,nvidia,nvidia grace cpu and nextgen gpu make exascale supercomputer debut  toms hardware,0
63,nvidia,virtual reality technologies market by 2029  alphabet  htc  nvidia  the sabre  the sabre,0
64,nvidia,vr development software market analysis by 2022 2029  valve svrf nvidia ptc  the sabre  the sabre,0
65,nvidia,nvidia declares that it is a fullstack platform  the next platform,0
66,nvidia,stacking up amd mi200 versus nvidia a100 compute engines  the next platform,0
67,nvidia,amd is beating nvidia at its 2017 game but the game has moved on  the next platform,0
68,nvidia,nvidias next major wave of ai revenues  the next platform,1
69,nvidia,nvidia gpu technology conference is now must see tv  eweek  eweek,1
70,nvidia,nvidias rumored nextgen gaming gpus sound incredible but good luck buying one  gizmodo,1
71,nvidia,dont take nvidias word for it  try nvidias awesome new image comparison tool instead  the verge,1
72,nvidia,nvidia expects gpu supply constraints for the vast majority of 2022  the verge,-1
73,nvidia,nvidias aipowered scaling makes old games look better without a huge performance hit  the verge,1
74,nvidia,nvidia lays the foundation for wider ai adoption  the next platform,1
75,nvidia,how to watch the nvidia special address livestream  nme,0
76,nvidia,ftc sues to block 40 billion semiconductor chip merger  federal trade commission news,-1
77,nvidia,nvidia ceo brushes off amds massive new graphics card every year theres an nvidia killer  pc gamer,0
78,nvidia,its a bot war say nvidia and amd gpu hunters who quit their day jobs  the verge,0
79,nvidia,no gpu nvidias rtx 3080powered cloud gaming service is now open to all  pcmag,1
80,nvidia,nvidia announces new rtx 3080 with 12gb of memory  the verge,1
81,nvidia,is the metaverse really going to happen nvidia is betting yes  bloomberg,0
82,nvidia,nvidia driver unlocks performance boosting gpu system processor  toms hardware,0
83,nvidia,nvidias geforce now gets an rtx 3080 upgrade to take on stadia and xcloud  the verge,1
84,nvidia,nvidia expands its geforce now game streaming ecosystem  techcrunch,1
85,nvidia,nvidia cfo expects gpu shortages to improve in the second half of 2022  ign  ign,1
86,nvidia,ces 2022 nvidia brings free omniverse version into ga unveils new nvidia studio laptops  zdnet,1
87,nvidia,is nvidias geforce now cloud gaming worth it  pcworld,0
88,nvidia,its official nvidia is now worth more than meta  pc gamer,1
89,nvidia,nvidia is chosen to power the fastest supercomputer in the world  facebooks ai research data center  the motley fool,1
90,nvidia,nvidia to unveil latest accelerated computing breakthroughs  globenewswire,1
91,nvidia,nvidia paves the way for rtx gpu chromebooks with new arm demo  the verge,1
92,nvidia,nvidia expands ai stack stretches from cloud to colocation  the next platform,1
93,nvidia,what to expect from nvidia in 2022  trustedreviews,0
94,nvidia,nvidia announces geforce rtx 2050 mx570 and mx550 for laptops 2022s entry level geforce  anandtech,1
95,nvidia,when is nvidia releasing new graphics cards  screen rant  screen rant,0
96,nvidia,nvidia beats earnings expectations but cryptocurrency chip sales falter  cnbc,0
97,nvidia,nvidia gpu truck heist explained  gamerant,0
98,nvidia,gfn thursday dying light 2 comes to geforce now  nvidia,0
0,target,is target a great dividend stock  the motley fool,0
1,target,new uk sanctions target russian oligarchs and trade  npr,0
2,target,macys hires brand firm led by former target designers  retail dive,0
3,target,police west st paul target closed after womans destructive spree  cbs minnesota,-1
4,target,5 major changes target is making in 2022  eat this not that  eat this not that,0
5,target,vanguard created big tax bills for targetdate fund investors lawsuit claims  cnbc,-1
6,target,lululemon everywhere belt bag dupe 15 lookalike at target  stylecaster,0
7,target,bears should target lb myles jack in free agency  chicago bears wire,0
8,target,byu target brock fonoimoana updates his recruitment and decision timeline  sports illustrated,0
9,target,targets gomez multiyear grocery strategy delivers credibility results  star tribune,0
10,target,promising reversible protein inhibitors kept on target  naturecom,1
11,target,five free agent outfielders the braves should target  sportstalkatlcom,0
0,tesla,tesla hits shoppers with another price hike  news  carscom,-1
1,tesla,tesla fired an employee after he posted driverless tech reviews on youtube  cnbc,-1
2,tesla,teslas first suv may launch in 2022  investopedia,0
3,tesla,teslas cruise control woes put damper on full selfdriving hopes  cnn,-1
4,tesla,steve wozniak just bought teslarivaling electric car  fox business,0
5,tesla,teslas elon musk may be heading to the white house soon  thestreet,0
6,tesla,tesla has bought aluminum from russian company rusal since 2020 showing how war complicates supply chain  cnbc,-1
7,tesla,inflation teslas average transaction price tops all brands in 2022  insideevs,0
8,tesla,tesla receives more bad news for its driverassist autopilot  thestreet,-1
9,tesla,musk expected at tesla gigafactorys first delivery on march 22 paper  reuterscom,0
10,tesla,tesla insurance looks to expand in two more states underwriting itself for the first time  electrekco,0
11,tesla,tesla stock drops again as issues start to pile up  barrons,-1
12,tesla,202282 official tesla release notes  software updates  not a tesla app,0
13,tesla,tesla sales soar in us regions due to gasoline rise  torque news,1
14,tesla,as oks antitesla bill moves forward its author believes a compromise is possible  teslarati,0
15,tesla,gm and tesla make a tough call that rivals may follow  thestreet,0
16,tesla,musk says tesla spacex face significant inflationary pressure  reuters,-1
17,tesla,buying advice dont make these 11 mistakes when getting a tesla  insideevs,0
18,tesla,teslas supercharger evolution improves speed installation time  efficiency  cleantechnica,1
19,tesla,report fatal tesla crash sparks fire in ny  fireengineeringcom,-1
20,tesla,ford makes a bold move tesla and volkswagen need to watch  thestreet,0
21,tesla,tesla starts releasing big full selfdriving beta update  electrek,1
22,tesla,mercedesbenz pulls out its made in usa weapon against tesla  thestreet,0
23,tesla,musks plan for teslabuilt batteries has an acceleration challenge  reuterscom,-1
24,tesla,mercedes to continue ev investments despite ukraine war disruptions  reuters,0
25,tesla,tesla user interface reorganization love ithate it  cleantechnica,0
26,tesla,tesla model 3  nissan leaf only evs on kbbs 5year cost to own awards  insideevs,0
27,tesla,queensland offers 3000 subsidy to evs priced under 58000 excludes tesla  the driven,0
28,tesla,teslas china sales dropped tesla stock rose anyway  barrons,1
29,tesla,tesla solar roof is the sleekest solar option your best one  cnet,0
30,tesla,teslas decision to not develop a lowerpriced car is risky says analyst  barrons,-1
31,tesla,the 2023 mini cooper ev does not care about going after tesla  screen rant,0
32,tesla,tesla tells us lawmakers autopilot requires constant monitoring  reuters,-1
33,tesla,tesla apple exxonmobil  reuters,0
34,tesla,gm tesla and google score big win in selfdriving car race  thestreet,1
0,quantumscape,whats happening with quantumscape stock  forbes,0
1,quantumscape,quantumscape opens rd center in japan to expand solidstate battery development  electrekco,1
2,quantumscape,quantumscape will now sell its solidstate batteries to a fourth carmaker  autoevolution,1
3,quantumscape,cramers lightning round bausch health is a buy  cnbc,0
4,quantumscape,chargepoint workhorse group and quantumscape pace big day for electric vehicle stocks  seeking alpha,1
5,quantumscape,quantumscape announced more business the stocks reaction highlights a shift  barrons,0
6,quantumscape,this forever battery stock rose while everything crashed heres why  investorplace,0
7,quantumscape,quantumscape is expanding beyond electric vehicles its a huge move  barrons,1
8,quantumscape,why quantumscape stock plunged 24 in january  the motley fool,-1
9,quantumscape,a competitor to ev battery maker quantumscape goes public  barrons,0
10,quantumscape,quantumscape achieved solidstate battery goal ahead of schedule  insideevs,1
11,quantumscape,quantumscape focusing on disrupting ev industry with solidstate battery  the manufacturer,0
12,quantumscape,quantumscape progress toward future ev battery  seeking alpha,1
13,quantumscape,global solidstate car battery market 2022 growing strategies  toyota motor corporation solid power quantumscape samsung sdi  the bite  the bite,0
0,boeing,boeing 737 max jet headed toward china completion plant  sources  reuters,0
1,boeing,germany to buy f35s upgrade eurofighters in blow to boeing  st louis postdispatch,-1
2,boeing,boeing why the ukraine crisis could help it become the worlds number one aircraft maker again  the conversation,1
3,boeing,boeing co executives still take home big pay after companys 43 billion loss  wichita business journal  the business journals,0
4,boeing,boeing and airbus in russia a data driven analysis of the airplane market  seeking alpha,0
5,boeing,what happened to lloyd a√©reo bolivianos boeing 767s  simple flying,0
6,boeing,boeing suspends parts maintenance and support for russian airlines  reuters,-1
7,boeing,boeing invests in jp9102 partners  australian defence magazine,0
8,boeing,supply chain problems further slow boeing deliveries  the seattle times,-1
9,boeing,boeing receives order for up to 35 737 max planes from new caribbean airline arajet  marketwatch,1
10,boeing,exclusive boeing aims to nearly double 737 max production by end2023 sources  reuters,1
11,boeing,emirates sets june date for launch of tel aviv boeing 777 flights  simple flying,0
12,boeing,boeing may ask congress to extend max 10 exemption from safety rule  the seattle times,0
13,boeing,russia is seizing hundreds of leased boeing airbus planes poses risk to passengers  business insider,-1
14,boeing,this time last year klm says goodbye to the boeing 747  simple flying,0
15,boeing,atsg orders more boeing freighter conversions to meet strong demand  business wire,1
16,boeing,permits issued for 109 million boeing facility at cecil  jacksonville daily record,0
17,boeing,klm boeing 787 pushed back onto runway after using wrong exit in kuwait  simple flying,-1
18,boeing,is boeing ready for takeoff why this investor bought more stock  benzinga  benzinga,0
0,alphabet,alphabet is betting big on cybersecurity  what it means for investors  the motley fool,0
1,alphabet,alphabet and amazon stock splits heres what you should know beforehand  the motley fool,0
2,alphabet,amazon alphabet and 8 other beatenup growth stocks set to soar  barrons,1
3,alphabet,is it too late to buy alphabet stock  the motley fool,0
4,alphabet,alphabet inc cl a stock outperforms market on strong trading day  marketwatch,1
5,alphabet,alphabet can race ahead of other tech giants  seeking alpha,1
6,alphabet,heres how to find the full unown alphabet in pokemon bdsp  wingg,0
7,alphabet,stocks of the week alphabet apple and rivian  thestreet,0
8,alphabet,the history behind utahs unique and mostly forgotten alphabet  fox 13 news utah,0
0,google,google domains is finally out of beta after more than seven years  the verge,0
1,google,google says steam has arrived on chromebooks let us know if you find it  the verge,0
2,google,google refine this search  broaden this search now live in search results  search engine land,0
3,google,google stadia is subtly reinventing itself to attract new games and gamers  the verge,1
4,google,google launches a new program to offer tools to select game developers on google play  techcrunch,1
5,google,meditech google health partner on ehr search discovery tools  healthcare innovation,0
6,google,google cloud workers learned of layoffs from media reports  datacenterdynamics,-1
7,google,syndicated content is it a google ranking factor  search engine journal,0
8,google,lawsuit claims googles order online button directs customers away from restaurants sites  the verge,-1
9,google,google cloud gets more expensive  techcrunch,-1
10,google,google rolls out search ads 360 integration for google analytics 4  search engine land,0
11,google,google has forced youtube vanced to close due to legal reasons  johnson city press subscription,-1
12,google,how one google doc is helping thousands of ukrainian refugees navigate borders  forbes,1
13,google,google performance max campaigns what marketers should know  search engine land,0
14,google,google warns billions of chrome users about rising number of attacks  new york post,-1
15,google,google pixel 6 pro vs iphone 13 pro which phone is right for you  cnn,0
16,google,travel bounces back on google while retail takes a hit  emarketer,0
17,google,cmos beware recent google analytics decisions in the eu put data at peril  adexchanger,-1
18,google,google to acquire mandiant  mandiant,0
19,google,google forges ahead with plans for hourly renewable electricity tracking  edienet,0
20,google,will russia chase out big tech companies like google and facebook  foreign policy,0
21,google,how to use google drives new search tools  wired,0
22,google,google suspends play store billing youtube payments in russia  techcrunch,-1
23,google,googles changes to the android beta program have created a huge mess  android police,-1
0,first solar,sb energy buys 15gw of first solar modules  pv magazine usa,1
1,first solar,first solar stock is a tier 1 us solar play  entrepreneur,1
2,first solar,first solar investing 680 million to expand perrysburg manufacturing site  spectrum news 1,1
3,first solar,fslr alert long term holders of first solar contact johnson fistel for information regarding investigation  globenewswire,-1
4,first solar,bahrains first solar panel manufacturer is blazing a trail for renewables  cnn,1
5,first solar,solarwatt is the first solar module manufacturer enabling carbon compensation  pv magazine international,1
6,first solar,what kind of investors own most of first solar inc nasdaqfslr  yahoo finance,0
7,first solar,president lauds first solar power plants role for azerbaijan update  azernewsaz,1
8,first solar,california is about to test its first solar canals  smithsonian magazine,1
9,first solar,salesforce climbs first solar falls as stock markets look to recover  the motley fool,0
10,first solar,alcoa corporation and first solar highlighted as zacks bull and bear of the day  yahoo finance,0
11,first solar,we can unhook from oil and gas wars with solar  virginia mercury,1
12,first solar,column scc should slash solar share fee  the daily progress,0
13,first solar,30 under 30 meet evan good oriden llc  pittsburgh business times  the business journals,0
14,first solar,what 6 analyst ratings have to say about first solar  benzinga  benzinga,0
15,first solar,solar pv module market investment analysis   canadian solar first solar jinko solar sharp suntech power holdings  the bite  the bite,0
16,first solar,bahrains first solar panels manufacturer is blazing a trail for renewables  cnn,1
17,first solar,solar power affected from anomalies rose to 263 in 2021  solar magazine,0
18,first solar,why plug power fuelcell enphase energy first solar and sunrun shares are rising  benzinga,1
19,first solar,us efforts support first solar green mini plant in gambia  the point  the point,1
20,first solar,telefonaktiebolaget lm ericsson first solar golden ocean group among premarket losers pack  seeking alpha,-1
21,first solar,solar panel recycling market may set a new epic growth story with veolia first solar cmk recycling 3r recycling  digital journal,1
0,sunrun,sunrun stock forecast where is it heading in 2022  seeking alpha,0
1,sunrun,sunrun misses on earnings as costs grow  barrons,-1
2,sunrun,boeing fuelcell and sunrun stocks defy sp 500 move higher whats next  benzinga,1
3,sunrun,sunrun run to report q4 earnings whats in the cards  entrepreneur,0
4,sunrun,the climate pledge announces nearly 100 new signatories including maersk sap weyerhaeuser sunrun and harman bringing the total to more than 300 companies committed worldwide  business wire,1
5,sunrun,why sunrun renesola and sunpower shares are surging today  benzinga  benzinga,1
6,sunrun,sunrun whale trades for march 08  benzinga,0
7,sunrun,stocks making the biggest moves after hours roku shake shack sunrun  more  cnbc,0
8,sunrun,piper sandler maintains overweight on sunrun lowers price target to 41  benzinga  benzinga,-1
9,sunrun,whats on bank of americas list of alternative energy stocks  thestreet,0
10,sunrun,with energy security in focus aces has allure  etfdbcom,1
11,sunrun,the interview power player  nob hill gazette,0
12,sunrun,cdp climate pledge increase corporate sustainability initiatives  environment  energy leader,1
13,sunrun,sunrun solar panels everything you need to know  cnet,0
14,sunrun,why solar energy stocks jumped today  the motley fool,1
15,sunrun,sunrun solar reviews costs quality  more 2022  ecowatch,0
16,sunrun,staying hydrated and hopped up on electrolytes at the sun run  vancouver sun,0
17,sunrun,electric vehicles will drive solar installations  and these key home upgrades  solar builder magazine,1
18,sunrun,rosen visits solar facility in henderson discusses growing support for her bipartisan legislation to repeal solar tariffs  boost domestic manufacturing  jacky rosen,1
19,sunrun,ford sunrun to backup solar homes with the electric f150  pv magazine usa,1
20,sunrun,ford f150 lightning to test v2g in california to boost grid reliability  the driven,1
21,sunrun,sunrun appoints mary powell utility veteran chief executive  the new york times,0
22,sunrun,why enphase energy sunrun solaredge technologies and sunpower shares are falling today by benzinga  investingcom uk,-1
23,sunrun,sunrun introduces the poweru clean energy education program  environment  energy leader,1
24,sunrun,how i went solar with sunrun and span  forbes,0
0,meta,facebook owner defends policy on calls for violence that angered russia  reuters,-1
1,meta,meta to add 2000 jobs in spain over next 5 years  adweek,1
2,meta,reggie filsaim√© doesnt believe in metas verse  the verge,-1
3,meta,irish watchdog fines meta 17 million euros for data breach  reuters,-1
4,meta,meta faces prosecution in south africa for alleged antitrust breach  techcrunch,-1
5,meta,exmeta employees raise 200m from a16z tiger multicoin to realize facebooks crypto dreams  techcrunch,1
6,meta,meta shares facebook  instagram live video tips from creators infographic  social media today,0
7,meta,meta employee upset as facebook parent company ends laundry perk  sf gate,-1
8,meta,exclusive lawmakers press meta on china ad policy  axios,-1
9,meta,russians demand for vpns skyrockets after meta block  reuters,0
10,meta,meta funds more fact checking in australia before elections  bloomberg,0
11,meta,meta to allow horizon worlds users to turn their avatars personal safety boundary off  techcrunch,0
12,meta,is meta platforms stock at a buying point execution risks could be priced in  seeking alpha,0
13,meta,meta platforms inc stock rises tuesday still underperforms market  marketwatch,0
14,meta,nfts are coming to instagram says mark zuckerberg  decrypt,0
15,meta,metas virtual surviving 911 experience booth at sxsw draws ire online  wcti12com,-1
16,meta,how war shaped meta  protocol,0
17,meta,metafacebook crash  the big picture  barry ritholtz,0
18,meta,meta may soon alert you when your posts are removed by ai  we are social media,0
19,meta,mark zuckerberg calls war in ukraine massively destabilizing  bloomberg,-1
20,meta,ukrainerussia war will make it harder for facebook parent metas stock to recover bofa says  cnbc,-1
21,meta,can facebook now known as meta monopolize the metaverse  voxcom,0
22,meta,los angeles mansion sells for 37 million to former meta executive david marcus  the wall street journal,0
23,meta,meta is fending off tiktok and revenue growth will slow morgan stanley warns  barrons,-1
24,meta,meta says its metaverse ambitions wont be possible without better cellular networks  cnbc,-1
25,meta,meta head of youth product initiatives departs  the new york times,-1
26,meta,meta lawyers question role of state attorneys general in federal antitrust enforcement  national law journal  lawcom,-1
27,meta,meta modifies hate speech policies surrounding war in ukraine nasdaqfb  seeking alpha,0
28,meta,secret ad deal between google and meta under scrutiny in europe  the new york times,-1
29,meta,california attorney general opines on ccpa meta faces prosecution in south africa  exchangewire,-1
30,meta,russia wants to label meta an extremist organization  wired,-1
31,meta,liquid meta appoints cto to accelerate technological innovation  yahoo finance,1
32,meta,meta is spending billions on the metaverse heres what its like on the inside  npr,0
0,norway apple,norways sovereign wealth fund to vote against apple managements pay plan  reuters,-1
1,norway apple,heres why you should never buy apple products from brazil  digital information world,-1
2,norway apple,equilibriumsustainability  industrial hub lockdown risks global supplies  thehill  the hill,-1
3,norway apple,facebook apple google fell over 5 last week other faangm stocks followed eyes on fed meet this week  the financial express,-1
4,norway apple,netflix chinabased tiktok join google apple other companies cutting ties with russia  fortune,-1
5,norway apple,what to expect from the 2022 proxy season  morningstar,0
6,norway apple,apples homepod mini available in belgium the netherlands and switzerland by end of march  mactrast,0
0,oatly,oatlys growing pains trip up pioneer of oat milk  the wall street journal,-1
1,oatly,oatly launches true crimestyle podcast  adweek,0
2,oatly,american airlines oatly group abbvie  reuters,0
3,oatly,can oatly protect its provocateur status as the suits swoop in  the drum,0
4,oatly,investing club what cramer is watching friday  stocks pop on positive shifts a sell signal for oil oatly bombs  cnbc,0
5,oatly,oat milk market is booming worldwide with oatly rise brewing happy planet foods  digital journal,1
6,oatly,earnings stitch fix slashes guidance bumble posts strong forecast oatly beats revenue estimates  yahoo finance,0
7,oatly,how oatly went from a decadesold obscure brand to a 10 billion ipo  cnbc,1
8,oatly,oatly  4q21 earnings presentation  marketscreenercom,0
9,oatly,global non fat dry milk market 2022 business standards and competition landscape 2028  blue diamond growers oatly danone earths own food  the bite  the bite,0
10,oatly,oat drink company to open fort worth plant similar company eyeing area  fort worth business press,0
11,oatly,oatly shares fall as oatmilk maker details production issues  the wall street journal,-1
12,oatly,dairy substitutes market 2022 size share growth trends covid19 impact analysis and forecasts to 2028  digital journal,0
13,oatly,oatly a leader of the plantbased milk category in china opens first  globenewswire,1
14,oatly,oatly ceo toni petersson says shortages ending with new factories  bloomberg,1
15,oatly,toni petersson oatly otly ceo behind oat milk boom bloomberg 50 2021  bloomberg,0
16,oatly,is a vibe shift finally coming for vcbacked startups  fast company,0
17,oatly,oatly made a weird puppet series to show plantbased food is not just for hipsters  adweek,0
18,oatly,why oatly tumbled another 11 in january  the motley fool,-1
19,oatly,vegan food  living reader awards 2022 the winners  vegan food and living,0
20,oatly,oatly is launching vegan oat milk chocolate ice cream bars at 3000 stores  vegnews,0
21,oatly,oatly plans 3 new facilities by 2023 to combat supply shortages  supply chain dive,0
22,oatly,is oatly bad for you  gq,0
23,oatly,oatly announces changes to its board of directors  globenewswire,0
24,oatly,oatly forecasts annual revenue surge on vegan milk boom  reuterscom,1
25,oatly,is oatly really ecofriendly  slate,0
26,oatly,why oatly stock lost 11 in december  the motley fool,-1
27,oatly,oatly to dive deeper into the potential of oats with new research and innovation center at lund university  globenewswire,0
28,oatly,oatly the health problem  seeking alpha,0
29,oatly,why oatly stock soared 12 today  the motley fool,1
0,vanguard,5 active vanguard funds to own for the long haul  kiplingers personal finance,0
1,vanguard,chronic fee chopper vanguard group raises prices on nine funds showing ownership cuts both ways cutting fat is getting harder and vanguard pricing is both art and algorithm  riabiz,0
2,vanguard,vanguard will not restrict its active managers decisions on russia  reuterscom,0
3,vanguard,vanguard players sick of overpowered perk its literally wallhacks  dexerto,-1
4,vanguard,vanguard northern trust esg funds added russia bets before war  bloomberg,0
5,vanguard,pair of alfred state students win vanguard award  olean times herald,1
6,vanguard,at the vanguard of a transitioning recycling industry new jersey establishes postconsumer recycled content requirements for instate plastic paper and glass products  jd supra,0
7,vanguard,should vanguard smallcap etf vb be on your investing radar  nasdaq,0
8,vanguard,is vanguard total international stock index fund vgtsx a strong mutual fund pick right now  nasdaq,0
9,vanguard,jessup splits with vanguard to open gsac play  victory sports network,0
10,vanguard,fund files fidelity pm exits vanguard trims retirement fund fees  citywire usa,0
11,vanguard,vanguard announces cash distributions for the vanguard etfs  techstory,0
12,vanguard,vanguards emerging markets funds largely escape russias market debacle heres some that didnt  the philadelphia inquirer,0
13,vanguard,vanguard quietly shelves plans for china stock fund  citywire usa,0
14,vanguard,should you invest in the vanguard utilities etf vpu  nasdaq,0
15,vanguard,vanguard players explain how completely revamping camo system could make cod more fun  charlieintelcom,0
16,vanguard,big inflation protection flows for vanguard bond etfs  etfdbcom,1
17,vanguard,american vanguard declares quarterly dividend and sets 2022 annual shareholders meeting  business wire,0
18,vanguard,vanguard mens volleyball battles in fourset loss at usc  victory sports network,-1
19,vanguard,how will blackrock vanguard deal with russia sanctions  los angeles times,0
20,vanguard,vanguard shortterm bond getting very oversold  nasdaq,0
0,blackrock,but whose money evaporated when jp morgan blackrock pimco calpers others report huge losses on russian assets  wolf street,0
1,blackrock,blackrock funds suffer 17bn losses on russia exposure  citywire americas,-1
2,blackrock,blackrock alternatives strikes diverse note with music platform  pensions  investments,0
3,blackrock,bwam announces blackrock as industry partner  funds europe magazine,1
4,blackrock,how blackrock vanguard and ubs are screwing the world  the new republic,-1
5,blackrock,blackrock clean energy etf enjoys new flood of investor support  etf stream,1
6,blackrock,blackrock says working to ensure clients can exit russian securities  reuters,0
7,blackrock,blackrock chief strategist reveals change in stock market outlook  business insider,0
8,blackrock,blackrock touts investment in fossil fuels after threat from texas official  cbs news,-1
9,blackrock,blackrock inc stock underperforms monday when compared to competitors despite daily gains  marketwatch,-1
10,blackrock,australian and fijian troops to train together following opening of new blackrock camp in fiji  abc news,0
11,blackrock,byjus founder in 800 million funding round with blackrock  bloomberg,0
12,blackrock,blackrock warner music invest 750 million in female and diverse artists  the wall street journal,1
13,blackrock,fund files franklin pm to retire blackrock swaps bond managers  citywire usa,0
14,blackrock,blackrock a buy if youre bullish on passive investing and esg  seeking alpha,1
15,blackrock,blackrock partners with verizon for private 5g network at new stateoftheart nyc hq  verizon,1
16,blackrock,a new blackrock shareholder power that may tilt proxy battles of the future  cnbc,0
17,blackrock,vanguard on track to eclipse blackrock in 68t etf world  thinkadvisor,0
18,blackrock,blackrock funds ride high on ethical investment inflows  financial times,1
0,amd,why amd stock rocketed higher today  the motley fool,1
1,amd,amd ryzen 7 5800x3d ships april 20 shows why cache matters  cnet,0
2,amd,intels amd bug find proves that spectre is still looming over us  the verge,-1
3,amd,lenovo and amd announcements highlight spring pc refresh  seeking alpha,1
4,amd,independent cloud provider partners with amd to launch new service with dedicated vcpus  techrepublic,0
5,amd,amd will support ryzen 5000 cpus on 300series motherboards  extremetech,0
6,amd,amd short interest drops with xilinx deal done  seeking alpha,0
7,amd,technology sector update for 03152022 ctkamdcoup  nasdaq,0
8,amd,amd radeon rx 6950 xt reference card could sport an allblack cooler  tweaktown,0
9,amd,chinese customs captures 3 million worth of amd rx 6000 series gpus  windows central,0
10,amd,mental health spotlight living with wet amd  healthline,0
11,amd,amd epidemic will continue to challenge ophthalmologists  healio,-1
0,intel,intel to invest at least 19 billion for new chips plant in germany  the new york times,1
1,intel,intels aggressive processor roadmap has some bumps ahead  techtarget,-1
2,intel,microsoft pluton is getting hammered by intel vpro  crn,-1
3,intel,intel arc mobile aseries gpu gets release date promises double the performance of integrated graphics  windows central,0
4,intel,intels lagging notebook shipments are yellow flag analyst says  barrons,-1
5,intel,intel amd and arm cpus hit by new spectre vulnerability  pc gamer,-1
6,intel,intel unveils 88b chipmaking expansion plan for europe  daily independent,1
7,intel,inside intels selfdriving spinoff  the motley fool,0
8,intel,intel announces initial investment of more than 33 billion for semiconductor rd and manufacturing in eu  the bakersfield californian,1
9,intel,intel plans 36 billion in european chip plant investments  the wall street journal,1
10,intel,intels special edition i912900ks already in customer hands  toms hardware,0
11,intel,intel svp in china chinese cpus could catch us by 2025  toms hardware,0
12,intel,raptor lake igp loses to intels older uhd 770 graphics in benchmark  toms hardware,0
13,intel,lenovo thinkpad x13 gen 3i unleashed with intel alder lake processors and dual thunderbolt 4 ports  notebookchecknet,0
14,intel,intel core i912900hk review  techspot,0
15,intel,intel to build german factories add sites in france and italy  the bulletin,1
16,intel,intel to acquire tower semiconductor for 54 billion  investor relations  intel corporation intc,1
17,intel,intel and qualcomm are gaining new fans  barrons,1
18,intel,smuggler tapes 160 intel cpus to body gets busted entering china  toms hardware,0
19,intel,acer swift x 16 laptop with intel arc gpu costs 1249 arrives in june  toms hardware,0
20,intel,semiconductor watchlist intel amd marvel  thestreet,0
21,intel,latest notre dame offseason intel heading into spring practice  sports illustrated,0
22,intel,aurora in a socket what intels falcon shores xpu might do  the next platform,0
0,mozilla,disney and pixars turning red movie browser wallpapers only available on firefox for android and ios  mozilla  firefox,0
1,mozilla,mozilla removes yandex mailru search options from firefox  pcmag,0
2,mozilla,is firefox ok  wired,0
3,mozilla,if youre using mozilla firefox update your browser now for critical security protection  cnet,0
4,mozilla,mozilla the pandemic expanded our appetite for these browser extensions  pcmag,0
5,mozilla,mozilla and the eff publish letter about the danger of article 452  mozilla  firefox,0
6,mozilla,latest firefox relay includes bigger attachment size and filters for promotional emails  mozilla  firefox,1
7,mozilla,mozilla releases security update for mozilla vpn  cisa  uscert,0
8,mozilla,apple google microsoft and mozilla aim for a more consistent web  computerworld,1
9,mozilla,mozilla releases security update for thunderbird  cisa  uscert,0
10,mozilla,everything you need to know about mozilla and meta facebook working together  its foss news,0
11,mozilla,mozilla firefox might borrow microsoft edges best feature  muo  makeuseof,0
12,mozilla,mozilla introduces pictureinpicture feature that can handle your 9team march madness parlay  next tv,1
13,mozilla,mdn plus mozilla plans to launch premium developer service  ghacks,1
0,disney,disney lgbtq employees plan walkout over florida bill  los angeles times,-1
1,disney,after walt disney robert iger heads to the metaverse  the wall street journal,0
2,disney,disney world and its rivals take steps to solve their biggest problem  the motley fool,0
3,disney,disneys galactic struggle to fill star wars hotel  with rooms up to 20k a night  new york post,-1
4,disney,spring break crowds absolutely overwhelm and flood disney park  inside the magic,-1
5,disney,popular disney experience closing forever  thestreet,-1
6,disney,traveling to disney parks during covid19 what you need to know before you go  kitv honolulu,0
7,disney,disney breaks boundaries iconic princess may no longer be played by a white performer  inside the magic,0
8,disney,new tower coming to polynesian village resort  disney tourist blog,0
9,disney,internet debates disney adults after woman crying in disney goes viral  newsweek,0
10,disney,lightning lane attractions disappear from disney genie while parks hit capacity  inside the magic,0
11,disney,disney announces return of one of its most expensive and elite experiences  inside the magic,1
12,disney,tornado warning issued for walt disney world area  wdw news today,-1
13,disney,is a ukraine pavilion coming to epcot at disney world  snopescom,0
14,disney,guests claim they were shamefully denied entry to disney by arrogant cast member  inside the magic,-1
15,disney,fanfavorite disney experience finally returns after pandemic disappearance  inside the magic,1
16,disney,disney drops skyliner mask requirement for vaccinated guests  orlando sentinel,0
17,disney,elderly couple tragically denied entrance to disney park  inside the magic,-1
18,disney,new spring dishes and treats announced for walt disney world resort  wdw news today,0
19,disney,niles universal disney aim to make 2023 a big year for theme park fans  east bay times,1
20,disney,disney pauses all business in russia  hollywood reporter,-1
21,disney,new behindthescenes video previews walt disney theatre and stage shows aboard disney wish  wdw news today,0
22,disney,inside the magical world of disney super runners  cnn,0
23,disney,desantis disney and 2024  national review,0
24,disney,disney shutting down multiple attractions in same land  inside the magic,-1
25,disney,comments for entire disney world park shuts down because of one guest  inside the magic,-1
26,disney,review  disney villainous bigger and badder board game delivers  polygon,0
27,disney,disney recommends 5 of the 7 marvel shows coming from netflix  the direct,0
28,disney,this is disney worlds most budgetfriendly hotel for large families  the points guy,0
29,disney,disneys spirit of aloha dinner show is permanently closing  inside the magic,-1
30,disney,disney plus reveals ms marvel release date and first trailer that teases changes  toms guide,0
31,disney,disney seemingly swaps free guest service for costly genie system  inside the magic,0
32,disney,walt disney microsoft share gains contribute to dows 615point rally  marketwatch,1
33,disney,former disney performer claims she was rejected due to her eyes  popcrush,-1
34,disney,guests exposed to creepy offlimits area during disney ride malfunction  inside the magic,-1
35,disney,disneys snow white set catches fire at pinewood studios  variety,-1
36,disney,disney springs swirls on the water restaurant has a dole whip flight  elite daily,0
37,disney,disney launches new business to develop residential communities  the walt disney company,1
38,disney,disney ceo makes it clear a big price increase is coming heres when  thestreet,0
0,ikea,this building can be flatpacked like an ikea bookshelf and moved to a  fast company,0
1,ikea,ikea expanding lineup of homekit smart shades with two new options  9to5mac,1
2,ikea,why apple disney ikea and hundreds of other western companies are abandoning russia with barely a shrug  technically,-1
3,ikea,why a cheap ikea kitchen is actually expensive  lifehacker,-1
4,ikea,ikea temporarily closes stores in russia flags bigger price hikes  reuters,-1
5,ikea,ikea uses augmented reality to create customizable showrooms  adweek,0
6,ikea,romanian activists risk their lives to protect old growth forests from companies like ikea  kalw,-1
7,ikea,no ikea shelves no levis the retailers pulling out of russia  the new york times,-1
8,ikea,the end of an era ikea russias middle class and the new cold war  financial times,-1
9,ikea,the best ikea desks to upgrade your wfh setup  popsugar,0
10,ikea,best ikea alternatives at amazon  cbs news,0
11,ikea,ikea clothes rack review affordable clothing storage  insider,0
12,ikea,russiaukraine war shoppers panic buy as ikea shuts stores  house beautiful,-1
13,ikea,supplychain problems not for tesla apple and ikea  barrons,1
14,ikea,ikea opens first high street mall and ikea store in uk eyes london spending spree  reuters,1
15,ikea,ikea headboard hacks  how to create a bespoke headboard on a budget  livingetc,0
16,ikea,ikea space unfolded popup provides shoppers with arpowered design experience  retail touchpoints,0
17,ikea,the best office chairs at ikea  creative bloq,0
18,ikea,shanghai regulator fines ikea 30000 yuan for using unqualified special equipment  global times,-1
19,ikea,the high cost of ikea furniture  the new republic,-1
20,ikea,apple ikea among companies russia is considering nationalizing  the jerusalem post,-1
21,ikea,old ikea furniture is getting flipped for hundreds even thousands of dollars in the bay area  sf gate,0
22,ikea,woman uses ikea bag to carry stranded swan back to his mate  the sun,0
23,ikea,ikea explains religious deconstruction  sojourners,0
24,ikea,ukraine refugee crisis ikea foundation donates millions  fast company,1
25,ikea,ikea singapore has kids eat free promo new jurong menu  waffle day specials this march  confirm good,1
26,ikea,this kallax unit has been turned into a dreamy scandiinspired cabinet  ideal home,0
0,samsung,samsung says hackers breached company data galaxy source code  bloomberg,-1
1,samsung,galaxy s22s one ui 41 comes to wide range of galaxy devices starting with the galaxy z fold3 and galaxy z flip3  samsung global newsroom,0
2,samsung,samsungs galaxy a33 leaks in full before its awesome launch  the verge,0
3,samsung,samsung ceo apologises for galaxy s22 app throttling controversy  zdnet,-1
4,samsung,samsung galaxy tab s8 review  pcmag,0
5,samsung,invitation galaxy a event democratizing the latest galaxy innovations for all  samsung,0
6,samsung,samsung advances smart hospital experience with new connected tv and mobile digital health solutions at himss 2022  samsung us newsroom  samsung,1
7,samsung,best thin cases for samsung galaxy s22 in 2022  android central,0
8,samsung,excellent samsung galaxy watch 4 classic makes for killer new deal with 1year warranty  phonearena,1
9,samsung,hurry best buy just slashed 100 off this 50inch samsung tv  toms guide,0
10,samsung,this best selling samsung smart washer and dryer pair is 1000 off right now  cbs news,0
11,samsung,samsung galaxy z fold 3 5g includes an s pen folio case 349 off 2022 low  9to5toys,0
12,samsung,samsung unveils its 2022 neo qled and lifestyle tvs with nextgeneration picture quality and cuttingedge personalisation options  samsung newsroom australia,0
13,samsung,samsung galaxy book pro 360 5g review an excellent coffee shop pc  pcworld,1
14,samsung,galaxy z flip4 leaks reveal early details of samsungs more affordable foldable phone  notebookchecknet,0
15,samsung,samsung elec sees strong year for chip and components unit  ceo  reuters,1
16,samsung,samsung coceo doesnt rule out russia withdrawal  the wall street journal,0
17,samsung,samsung galaxy xcover pro 2 spotted on geekbench  screen rant  screen rant,0
18,samsung,samsung galaxy book 2 pro vs macbook air whats the better laptop  xda developers,0
19,samsung,war in ukraine samsung suspends shipments of phones chips  bloomberg,-1
20,samsung,new samsung galaxy watch 5 leak is good news for allday wearers  screen rant,1
0,verizon,verizon enriches the mobile endpoint with verizon mobile for microsoft teams  verizon,0
1,verizon,us dept of defense awards verizon nearly 1 billion in new business  verizon,1
2,verizon,verizon makes fios free for lowincome customers through federal program  the verge,1
3,verizon,verizon has an extreme network for an extreme world  verizon,0
4,verizon,mareks take will verizons play service triumph  fiercewireless,0
5,verizon,verizon business expands bluejeans telehealth for datadriven virtual care  verizon,1
6,verizon,verizon gains zoning approval for planned data center in georgia  datacenterdynamics,1
7,verizon,verizon to offer ar game with 30 ninjas  mobile world live,0
8,verizon,verizon selects oregon site for its drone and robotics test facility  dronedj,0
9,verizon,verizons wireless internet service now covers 30 million homes and 2 million businesses  verizon,1
10,verizon,att dt verizon led carrier capex surge in 2021  sdxcentral,0
11,verizon,verizon waives calling charges to ukraine  about verizon  verizon,1
12,verizon,verizon expands humanitarian crisis relief  about verizon  verizon,1
13,verizon,verizon 5g ultra wideband expected to cover 175 million people by the end of 2022  verizon news,1
14,verizon,keep your valuables safe  about verizon  verizon,0
15,verizon,verizon confirms intermittent issues impacted customer phone calls  new york post,-1
16,verizon,how verizons attie muse became a realtime payments pioneer  american banker,1
17,verizon,apples iphone 13 in green is just 10 a month with this epic deal at verizon  techradar,0
18,verizon,audi of america  verizon,0
19,verizon,what to know before you go  about verizon  verizon,0
20,verizon,verizon expands callingtextingdata relief to ukraine  additional countries  verizon,1
21,verizon,verizon small business essentials and 1800accountant support small businesses during this years complicated tax season  pr newswire,0
22,verizon,the metaverse is here  about verizon  verizon,0
23,verizon,verizon protects over 80 million customers from more than 20 billion unwanted calls  verizon,1
24,verizon,join verizon and the paley center for media for a conversation on leading through change  verizon,0
25,verizon,cozy up to our cloud  about verizon  verizon,0
0,spectrum,what channel is trutv for fios dish directv spectrum xfinity how to watch march madness games on network  sports illustrated,0
1,spectrum,spectrum expanding broadband in area  business  mycouriertribunecom,1
2,spectrum,spectrum health msu partner to identify current and future covid19 variants  mlivecom,0
3,spectrum,spectrum plans on hiring candidates for 350 new positions  wis news 10,1
4,spectrum,spectrum cable tv fees going up soon for customers  wxxi news,-1
5,spectrum,buffalo esports gaming lounge opens its doors  university at buffalo the spectrum,0
6,spectrum,sports reporter jesse macwilliam leaving spectrum news albany  times union,0
7,spectrum,autism spectrum disorder parahippocampal patterns  physicians weekly,0
8,spectrum,spectrum chemical launches new biocertified products  biopharm international,0
9,spectrum,spectrum to increase internet speed in binghamton  wivt  newschannel 34,1
10,spectrum,espn will utilize second spectrum tech for data centric womens final four feed  awful announcing,0
0,walmart,walmart launches zeekit virtual fitting room technology  walmart corporate,0
1,walmart,walmart global tech accelerates expansion with plans to hire thousands of technologists and add new locations  walmart corporate,1
2,walmart,texas magician uses quickchange trick to steal nearly 3k from walmart  westernslopenow,-1
3,walmart,police investigate threat against liberty walmart employees  wytv,-1
4,walmart,accelerating associate opportunity through growth wellbeing inclusion and digital  walmart corporate,1
5,walmart,nevada woman possibly kidnapped from walmart parking lot deputies say  arizonas family,-1
6,walmart,walmart introduces luxury brands with beautyspace nk  peoplecom  people,0
7,walmart,walmart hiring 50k associates for its us operations in q1  grocery dive,1
8,walmart,brace for amazon walmart order delays trade official warns  business insider,-1
9,walmart,lebanons walmart turns 30 a community reflects  local  gazettetimescom  corvallis gazettetimes,0
10,walmart,retail notes walmart remodeling in arlington  jacksonville daily record,0
11,walmart,walmart distribution center catches fire near indianapolis airport  fox 59 indianapolis,-1
12,walmart,boone walmart wins national leadership award for community service  watauga democrat,1
13,walmart,designer brandon maxwell has a new collaboration with walmart  oprah mag,0
14,walmart,walmart mexico plans to double its 2 million mobile phone users in 2022  pymntscom,1
15,walmart,walmart chief legal officer promotes worklife balance  nrf news,1
16,walmart,walmarts 9th annual open call application period is open for all entrepreneurs with products made grown or assembled in the us  walmart corporate,0
17,walmart,how to get spotify premium for free thanks to walmart  digital trends,0
18,walmart,xbox series x in stock for walmart plus members  gamesradar,0
19,walmart,walmart makes wellness more accessible with new services launching through wellness hub on walmartcom  walmart corporate,1
20,walmart,police seek suspects who used counterfeit cash at walmart in lebanon county  wgal susquehanna valley pa,-1
21,walmart,walmart direct deposit late 2022 what happened with chime down  marca english,0
0,ford,ford is now using robots to operate 3d printers without human help  techcrunch,0
1,ford,wipe me down ford recalls 2021 f150 for defective windshield wipers  carscom,-1
2,ford,2022 ford mustang mache gt review bluecruise meet electrified brawn  cnet,0
3,ford,ford doubles down on electric vehicle push in europe  reuters,1
4,ford,ford will start shipping explorers without all the parts  and add them later  kcci des moines,0
5,ford,the zacks analyst blog highlights ford motor harleydavidson lci industries and tesla  yahoo finance,0
6,ford,ford to address dealer concerns about separating its ev and legacy businesses  cnbc,0
7,ford,ford stock is down for a very odd reason no production guidance wasnt cut  barrons,0
8,ford,forgotten cars ford svt contour  jalopnik,0
9,ford,ford patent filed for heated steering wheel with multiple heaters  ford authority,0
10,ford,turkeys ford otosan acquires craiova plant in romania  steelorbis,0
11,ford,county adding five ford trucks to sheriffs fleet  palestine herald press,0
12,ford,hgtv star steve ford and wife andrea cargill are expecting their 1st child  today,1
13,ford,the phoenix mill in plymouth once manufactured henry fords auto parts now its a banquet center  hometown life,0
14,ford,mariners mike ford agree to minor league contract  mlb trade rumors,1
15,ford,2022 ford f150 platinum can do it all  cnet,1
16,ford,the evolution of the ford super duty  hotcars,0
17,ford,10 biggest news stories of the week jeep grand cherokee foils ford escape follows fuel sippers  carscom,0
18,ford,ford patented a hydrogen combustion enginefor the mustang  gear patrol,0
19,ford,ford among automakers subjected to raid over possible eu violations  ford authority,-1
0,volkswagen,volkswagen considers making electric truck in us  the wall street journal,0
1,volkswagen,volkswagen keeps changchun factory shut on thursday shanghai to reopen  reuters,0
2,volkswagen,ukraine war drives volkswagens recovery off course  the wall street journal,-1
3,volkswagen,volkswagen says high demand is helping its evs turn a profit sooner than expected  cnbc,1
4,volkswagen,volkswagen and china the risks of relying on authoritarian states  financial times,-1
5,volkswagen,2023 volkswagen aero b electric sedan teased  insideevs,0
6,volkswagen,ford and volkswagen expand ev partnership to a second electric model for the european market  cnbc,1
7,volkswagen,chinas covid curbs hit toyota volkswagen and apple supplier foxconn  reuters,-1
8,volkswagen,return of the microbus volkswagen unveils electric hippie bus  abc news,0
9,volkswagen,specs comparison 2023 acura integra vs volkswagen jetta gli  hotcars,0
10,volkswagen,volkswagen to build 2 billion factory for its trinity connected ev  iot world today,1
11,volkswagen,this classic volkswagen beetle transformed into teardrop camper is a headturner  ht auto,1
12,volkswagen,2022 volkswagen golf gti ranks bestinclass again  kslcom,1
13,volkswagen,volkswagen ceo herbert diess visits tesla giga texas leaves utterly impressed  autoevolution,-1
14,volkswagen,european shares gain on ukraine hopes volkswagen surges on strong results  reuters,1
15,volkswagen,volkswagen stops orders for some plugin hybrids amid supply crunch  reuters,-1
16,volkswagen,volkswagen reaches 4g patent deal that could resolve acer dispute sources say  reuters,1
17,volkswagen,tested 1992 volkswagen eurovan gl  car and driver,0
18,volkswagen,volkswagen stock is surging on porsche ipo plan  barrons,1
19,volkswagen,volkswagen selects upstart auto retail as a preferred digital retail provider  business wire,0
20,volkswagen,volkswagen id life design falls out of favor in wolfsburg  insideevs,-1
21,volkswagen,volkswagen stops production of vehicles in russia and suspends export  volkswagen ag,-1
22,volkswagen,ukraine war news from march 15 nato calls brussels summit refugees fleeing ukraine hit 3mn mark  financial times,-1
23,volkswagen,volkswagen taigo faux suv squeezed into vws range proves unmemorable  the irish times,-1
0,twitter,twitter rolls back its decision to force you into the outoforder timeline  the verge,0
1,twitter,twitter made a change that everybody hated  thestreet,-1
2,twitter,nba twitter goes crazy over kyrie irvings 60point night vs magic  nets wire,0
3,twitter,duke johnson appears to shade baker mayfield on twitter  new york post,-1
4,twitter,truth social the failing antitwitter platform even trump barely uses  the guardian,-1
5,twitter,twitter wants to reinvent itself by merging the old with the new  the new york times,0
6,twitter,elon musk changes twitter name to elona in spat with putin crony kadyrov  new york post,0
7,twitter,what does rate limited mean on twitter error message explained  hitc  football gaming movies tv music,0
8,twitter,why is elon musk in this 23yearold indians twitter dms a breakdown of their unique friendship  economic times,0
9,twitter,chirp twitter app for apple watch adds keyboard support for series 7  9to5mac,0
10,twitter,android users should now be able to upload videos faster on twitter  phonearena,1
11,twitter,stamford mayor simmons twitter account back under control after being hacked  the advocate,-1
12,twitter,former astronaut to back off twitter war with head of russian space agency  cnn,-1
13,twitter,nba twitter reacts to lakers getting destroyed by toronto raptors  lebron wire,0
14,twitter,russian government accounts are using a twitter loophole to spread disinformation  the conversation,-1
15,twitter,reacts to deshaun watson rumors  falcons wire,0
16,twitter,twitter reacts to bears signing ol lucas patrick  chicago bears wire,0
17,twitter,broncos troll cowboys on twitter after conscripting freeagent edge randy gregory  sports illustrated,0
18,twitter,biden cancels 62 billion of student loans but twitter erupts with these objections  forbes,0
19,twitter,twitter concerned australias antitrolling bill leaves minority communities vulnerable  zdnet,-1
20,twitter,nba twitter reacts to wild night in the association  hoops hype,0
21,twitter,nfl twitter reacts to tom bradys announcement that hes unretiring  sports illustrated,0
22,twitter,twitter reacts to manchester united crashing out of champions league vs atletico madrid  clutchpoints,0
23,twitter,its equal pay day and this twitter bot is calling out companies that pay men more than women  entrepreneur,0
24,twitter,are twitter downvotes the most exciting thing since the original iphone elon musk agrees  benzinga  benzinga,0
25,twitter,twitter unveils version of site that can bypass russia block  the associated press  en espa√±ol,0
26,twitter,ravens players welcome s marcus williams to baltimore on twitter  ravens wire,0
27,twitter,twitter open doors for workers san francisco seeks tourists  ktvu fox 2 san francisco,0
28,twitter,russia still using twitter facebook to push conspiracy about ukraine hospital bombing  forbes,0
29,twitter,twitter reacts to the bears signing lb nicholas morrow  chicago bears wire,0
30,twitter,war in ukraine jokes on twitter but beyond a few seconds of mirth do memes have a wider role  economic times,0
31,twitter,falcons twitter reacts to jaguars signing lb foye oluokun  falcons wire,0
32,twitter,twitter launches live test of new profile shops to display products inapp  social media today,0
33,twitter,watch one perfect shot trailer for hbo max ava duvernay  vulture,0
34,twitter,is he plain dumb grade a stupid opinion twitter trolls kaif for suddenly all looks fine comment on team india  hindustan times,0
35,twitter,moscows twitter information war goes on despite ban in russia  the national,-1
36,twitter,twitter is testing changes to make image descriptions easier to access  the verge,0
37,twitter,twitters working on tweet awards another creator monetization option  social media today,1
